leaf_color,soil_moisture_pct,light_hours_per_day,days_since_watered,pest_sighted,likely_cause
green,89.7,9.0,2,0,overwatering
green,39.4,5.9,3,0,healthy
green,36.3,1.4,5,0,low_light
brown,15.3,5.1,7,0,underwatering
pale_green,51.3,3.0,1,0,low_light
green,36.0,3.1,5,0,low_light
green,63.6,7.1,3,0,healthy
brown,83.1,2.1,1,0,overwatering
green,23.9,4.9,4,0,healthy
pale_green,29.9,0.1,2,0,low_light
green,0.0,7.4,5,0,underwatering
yellow,89.5,4.2,2,0,overwatering
green,31.9,8.1,5,0,healthy
green,2.5,5.8,7,0,underwatering
yellow,55.5,4.2,7,0,underwatering
brown,25.8,6.0,11,0,underwatering
brown,16.6,7.2,7,0,underwatering
green,58.7,2.4,4,0,low_light
green,68.4,5.3,0,0,overwatering
green,65.3,6.1,1,0,healthy
green,73.3,6.3,2,0,healthy
pale_green,73.3,2.2,1,0,low_light
yellow,96.3,8.0,0,0,overwatering
green,42.1,6.5,5,0,healthy
yellow,0.0,9.0,10,0,underwatering
green,56.9,4.2,5,1,pest
yellow,3.1,4.9,7,0,underwatering
yellow,21.7,6.1,7,0,pest
yellow,33.3,5.4,7,1,pest
yellow,19.3,6.2,1,0,pest
green,23.4,3.4,3,0,low_light
green,58.8,1.7,4,0,low_light
pale_green,53.5,5.4,5,0,healthy
yellow,82.3,6.0,0,0,overwatering
brown,31.1,4.5,7,0,underwatering
brown,0.0,4.5,10,1,underwatering
green,0.0,4.3,5,0,underwatering
brown,3.4,8.0,7,0,underwatering
pale_green,28.6,6.1,3,0,healthy
pale_green,76.8,3.9,4,0,low_light
yellow,73.3,7.7,1,0,overwatering
yellow,31.7,2.2,7,1,low_light
green,54.3,7.3,1,0,healthy
green,35.0,2.6,2,1,pest
yellow,66.6,2.0,1,0,low_light
yellow,56.6,10.0,2,0,overwatering
yellow,23.2,2.8,10,0,underwatering
green,26.1,7.1,5,0,healthy
pale_green,39.1,2.5,6,0,low_light
yellow,15.2,6.9,7,0,underwatering
yellow,68.4,9.3,1,1,overwatering
yellow,82.8,7.2,0,0,overwatering
yellow,0.0,5.0,7,0,underwatering
green,55.3,7.7,4,0,healthy
green,37.8,1.8,5,1,pest
yellow,13.5,5.1,7,0,underwatering
yellow,42.0,2.1,3,0,low_light
green,48.4,5.5,3,1,pest
green,72.7,6.4,0,0,overwatering
green,42.5,6.0,5,0,healthy
pale_green,51.7,1.9,4,0,low_light
green,44.7,6.2,2,1,pest
green,0.0,6.7,11,0,underwatering
yellow,45.2,7.9,1,1,pest
pale_green,40.9,1.3,6,0,low_light
brown,28.5,10.3,9,0,underwatering
green,44.8,4.2,7,1,pest
green,71.8,7.1,4,0,healthy
green,41.1,3.4,2,0,low_light
pale_green,21.3,2.1,5,0,low_light
green,34.2,1.7,5,0,low_light
yellow,34.1,2.2,5,0,pest
brown,30.3,7.5,13,0,underwatering
green,83.4,6.0,0,0,overwatering
yellow,37.9,4.9,7,1,pest
yellow,13.7,8.0,9,0,underwatering
green,62.4,3.8,4,0,healthy
yellow,100.0,3.0,0,0,overwatering
pale_green,70.2,3.9,1,0,healthy
green,62.7,1.4,7,0,low_light
brown,13.6,8.5,7,0,underwatering
green,54.1,9.4,5,1,healthy
yellow,11.2,2.8,5,1,underwatering
brown,27.7,9.1,12,0,underwatering
brown,8.8,7.8,5,0,underwatering
green,2.8,5.5,11,0,underwatering
yellow,9.8,5.3,6,0,underwatering
brown,25.6,5.7,8,0,underwatering
green,17.6,2.2,5,1,underwatering
pale_green,29.6,6.4,5,1,healthy
brown,0.0,7.3,7,0,underwatering
yellow,34.3,4.4,8,0,underwatering
green,100.0,5.4,1,0,overwatering
green,34.6,4.5,5,0,healthy
brown,0.4,3.7,13,0,underwatering
green,39.3,3.9,1,1,pest
yellow,37.0,1.3,7,0,low_light
green,71.4,6.9,2,0,healthy
brown,80.4,7.9,2,0,overwatering
pale_green,31.9,1.7,7,0,low_light
green,42.2,4.9,4,0,healthy
yellow,100.0,3.4,1,0,overwatering
yellow,9.7,9.2,7,0,underwatering
green,58.8,7.2,2,1,overwatering
brown,7.2,5.0,12,0,underwatering
green,53.2,6.4,2,0,healthy
pale_green,44.9,2.5,6,0,low_light
yellow,20.0,2.7,4,0,low_light
yellow,54.6,1.0,4,0,low_light
brown,1.3,6.5,8,0,underwatering
brown,39.8,2.1,6,0,underwatering
pale_green,61.6,2.9,3,0,low_light
yellow,8.3,9.0,9,0,underwatering
pale_green,46.3,1.8,6,0,low_light
green,56.4,7.3,3,0,pest
yellow,11.9,2.4,5,0,low_light
green,53.3,6.6,5,1,pest
green,49.9,5.6,7,1,pest
green,22.5,8.6,3,0,healthy
yellow,87.6,8.5,1,0,overwatering
yellow,28.6,4.4,7,0,pest
green,69.7,6.4,5,0,healthy
pale_green,64.3,1.5,5,0,low_light
brown,80.4,5.7,1,0,overwatering
yellow,82.6,7.7,2,0,overwatering
pale_green,47.7,5.2,1,0,low_light
green,63.1,7.3,7,1,pest
brown,65.2,5.7,0,0,overwatering
green,35.2,4.9,3,0,healthy
yellow,96.1,4.8,0,0,overwatering
green,31.3,2.3,3,0,healthy
green,47.1,6.1,4,0,healthy
pale_green,72.7,3.4,4,0,low_light
green,42.3,2.7,10,0,underwatering
yellow,34.8,2.2,7,0,low_light
yellow,78.8,4.9,5,1,pest
brown,11.9,9.0,6,0,underwatering
brown,10.7,6.5,12,0,underwatering
pale_green,57.5,0.4,4,0,low_light
green,41.1,3.2,1,0,low_light
green,43.7,7.2,1,0,healthy
green,45.2,6.1,6,1,pest
brown,70.1,4.1,1,0,overwatering
green,30.0,9.1,2,0,healthy
brown,9.5,8.2,11,0,underwatering
brown,0.0,9.4,7,1,underwatering
yellow,44.4,8.2,6,1,pest
green,70.4,6.6,2,0,healthy
yellow,60.7,6.2,2,0,overwatering
yellow,44.9,3.6,2,0,low_light
green,48.8,8.0,4,1,pest
yellow,11.1,8.3,6,0,underwatering
yellow,23.5,7.2,5,1,pest
green,91.2,9.0,1,0,overwatering
brown,32.1,7.4,4,1,pest
green,54.5,4.9,2,0,healthy
green,73.7,6.4,2,0,healthy
green,61.8,5.6,1,0,healthy
pale_green,47.7,0.4,3,0,low_light
yellow,57.5,2.6,1,0,low_light
yellow,16.7,5.2,11,1,underwatering
brown,6.2,5.3,11,0,underwatering
green,44.4,2.8,6,0,low_light
yellow,31.2,8.6,12,0,underwatering
green,37.5,8.4,4,0,healthy
yellow,63.5,3.0,1,0,low_light
brown,23.6,6.1,7,0,underwatering
green,81.2,5.5,4,1,healthy
yellow,68.7,5.0,6,0,pest
brown,20.5,7.5,9,0,underwatering
pale_green,26.8,4.7,4,0,healthy
yellow,42.5,1.0,7,1,low_light
yellow,29.0,9.2,6,0,underwatering
pale_green,55.6,7.3,1,0,healthy
yellow,16.3,2.6,6,0,underwatering
green,41.5,5.4,1,0,healthy
brown,10.6,7.2,13,0,underwatering
pale_green,52.6,1.8,3,0,low_light
yellow,93.3,4.1,1,0,overwatering
pale_green,58.6,2.0,3,0,low_light
green,53.8,5.3,3,1,pest
green,44.4,5.1,5,0,healthy
green,35.3,7.0,3,1,pest
green,17.8,5.7,6,0,underwatering
yellow,47.9,2.1,1,0,low_light
yellow,76.7,6.4,2,0,overwatering
green,29.5,3.1,9,0,underwatering
yellow,42.2,1.5,1,0,low_light
green,36.2,9.8,3,0,pest
yellow,68.5,5.9,2,0,pest
green,51.1,8.2,5,0,healthy
green,63.5,8.5,3,0,healthy
pale_green,51.5,2.3,5,0,low_light
yellow,79.3,6.5,1,0,overwatering
green,35.0,8.7,4,0,healthy
pale_green,50.1,2.5,7,0,low_light
brown,7.2,7.9,12,1,underwatering
yellow,2.6,5.9,5,0,underwatering
green,43.1,5.8,5,0,healthy
yellow,40.8,5.9,2,1,pest
green,93.5,8.5,0,0,overwatering
yellow,30.5,5.9,1,0,pest
brown,0.0,5.8,5,0,underwatering
green,39.5,6.6,5,0,healthy
pale_green,54.5,0.8,7,0,low_light
green,66.8,7.9,1,0,healthy
green,58.4,7.1,2,0,healthy
green,76.7,5.6,4,1,pest
green,70.3,5.1,4,0,pest
pale_green,37.6,5.7,5,0,healthy
yellow,3.8,7.5,12,1,underwatering
yellow,37.5,6.4,7,0,pest
pale_green,43.6,2.6,4,0,low_light
green,91.6,6.7,3,1,pest
brown,96.2,5.9,1,0,overwatering
brown,31.7,3.3,3,1,pest
yellow,19.8,4.6,11,0,underwatering
yellow,69.4,5.7,0,0,overwatering
pale_green,11.5,2.3,2,0,low_light
yellow,60.7,5.4,5,1,pest
yellow,44.3,7.0,3,1,pest
yellow,100.0,4.8,0,0,overwatering
green,39.9,7.3,4,0,healthy
brown,32.9,6.4,12,0,underwatering
green,11.9,5.6,6,1,underwatering
green,51.8,5.8,3,0,healthy
pale_green,36.2,2.0,2,0,low_light
yellow,15.8,6.8,12,0,underwatering
yellow,28.3,3.9,11,0,underwatering
green,44.5,5.6,2,0,healthy
pale_green,47.8,2.2,1,0,low_light
yellow,28.9,2.8,6,0,low_light
yellow,60.1,5.5,1,0,pest
yellow,98.3,7.4,1,0,overwatering
green,56.8,1.5,1,0,low_light
brown,1.8,3.1,11,0,underwatering
yellow,96.0,10.5,2,0,overwatering
green,63.1,8.8,1,0,healthy
yellow,38.2,2.0,2,0,low_light
green,48.2,4.0,3,0,healthy
yellow,56.4,2.3,1,0,low_light
yellow,59.0,5.8,1,0,overwatering
yellow,94.6,4.8,2,0,overwatering
green,53.8,6.4,2,0,healthy
green,51.3,4.5,1,0,healthy
green,100.0,5.8,0,0,overwatering
brown,45.6,6.8,13,0,underwatering
green,52.1,6.9,1,0,healthy
yellow,40.6,8.5,2,1,pest
yellow,27.9,5.5,1,1,pest
pale_green,63.4,3.9,3,0,low_light
brown,84.7,6.0,2,0,overwatering
yellow,70.6,5.2,3,1,pest
green,56.8,8.9,5,0,healthy
pale_green,43.0,5.0,3,0,healthy
brown,20.9,7.9,9,0,underwatering
yellow,12.0,2.9,10,0,underwatering
yellow,70.1,2.5,6,0,low_light
brown,16.3,6.8,13,0,underwatering
yellow,45.0,5.0,2,0,overwatering
pale_green,50.9,7.7,1,0,healthy
green,55.1,7.0,5,0,healthy
green,33.2,3.3,5,1,pest
green,43.4,7.7,2,0,healthy
green,18.0,6.0,9,0,underwatering
brown,41.3,7.4,12,0,underwatering
yellow,53.7,5.0,7,1,pest
green,50.3,6.5,2,0,healthy
pale_green,49.7,7.7,5,0,healthy
green,33.0,2.4,5,0,low_light
pale_green,56.1,6.6,4,0,healthy
brown,18.4,4.4,6,0,underwatering
green,47.4,8.7,2,0,healthy
green,36.0,2.5,1,0,pest
green,53.6,5.6,4,0,healthy
brown,6.2,4.6,8,0,underwatering
yellow,38.5,3.6,5,0,low_light
brown,10.1,3.7,9,0,underwatering
yellow,71.8,6.8,2,0,overwatering
green,62.1,7.0,0,1,overwatering
brown,0.0,10.1,8,0,underwatering
green,45.3,7.3,2,0,healthy
yellow,100.0,5.6,0,0,overwatering
green,47.6,5.9,2,0,healthy
pale_green,66.2,3.5,3,0,low_light
pale_green,62.1,6.3,5,0,healthy
yellow,10.6,6.4,12,0,underwatering
green,40.8,3.1,4,0,healthy
green,38.2,5.1,5,1,pest
pale_green,33.0,1.8,4,0,low_light
yellow,41.8,5.8,1,1,pest
pale_green,42.3,7.9,2,0,healthy
yellow,21.5,8.1,5,1,underwatering
green,29.1,3.6,1,0,healthy
green,79.3,10.1,0,0,overwatering
green,77.5,6.6,0,0,overwatering
yellow,25.6,2.3,3,0,low_light
yellow,70.9,6.6,2,0,pest
green,45.5,3.0,4,1,pest
yellow,0.0,6.2,7,0,underwatering
